,accuracy,precision,recall,f1
Logistic Regression,76.22049236904671,69.74974614093195,66.4085226701186,67.02949110330857
Decision Tree,67.31482475649975,61.094153738319356,61.2971124647241,61.15769108396304
SVM,76.4463788122811,71.03485176706566,67.31742956344962,68.34940256893987
KNN,69.66523506403865,62.65670075672672,60.47830725648381,60.986674528937215
Random Forest,76.85313290896542,71.53076272974698,67.38420775685655,68.24214895418102
Bagging,76.28854462254263,70.68536482157029,68.15619484534045,68.94282170267272
Gradient Boosting,77.350691515198,72.13029270318259,68.72560619437547,69.69893899974761
XGBoost,77.1697727330828,72.02978424473343,69.44693322092719,70.317114558217
AdaBoost,74.77401129943503,67.58102206820902,64.62722627817372,64.60585949386541
